chunker,chunks_count,chunking_time,avg_chunk_length,sentence_completeness,chunk_length_variance
fixed_small,7,0.0005492499985848553,60.42857142857143,0.0,76.53061224489795
fixed_medium,4,0.00022300000273389742,105.75,0.0,1485.1875
fixed_large,2,0.0002279170003021136,211.5,0.0,1980.25
overlap_small,7,0.00024833300267346203,87.85714285714286,0.0,397.83673469387753
overlap_medium,3,0.000255458005995024,183.66666666666666,0.0,138.88888888888889
overlap_large,2,0.00022337500558933243,243.5,0.0,5852.25
semantic_small,6,0.0002663749983184971,70.5,0.8333333333333334,46.916666666666664
semantic_medium,3,0.00024708300043130293,141.0,0.6666666666666666,248.0
semantic_large,2,0.00025541700597386807,211.5,0.5,9120.25
